"Population","","Allele: frequency (count)","Genotype: frequency (count)","Genotypes"
"ALL;1000GENOMES:phase_3:ALL","","  AA: 0.655 (3279)   A: 0.345 (1729) ","AA|AA: 0.469 (1174) A|A: 0.159 (399) A|AA: 0.372 (931) ",""
"AFR;1000GENOMES:phase_3:AFR","","  AA: 0.377 (498)   A: 0.623 (824) ","AA|AA: 0.165 (109) A|A: 0.411 (272) A|AA: 0.424 (280) ",""
"  ACB;1000GENOMES:phase_3:ACB","","  AA: 0.385 (74)   A: 0.615 (118) ","AA|AA: 0.198 (19) A|A: 0.427 (41) A|AA: 0.375 (36) ",""
"  ASW;1000GENOMES:phase_3:ASW","","  AA: 0.516 (63)   A: 0.484 (59) ","AA|AA: 0.295 (18) A|A: 0.262 (16) A|AA: 0.443 (27) ",""
"  ESN;1000GENOMES:phase_3:ESN","","  AA: 0.369 (73)   A: 0.631 (125) ","AA|AA: 0.172 (17) A|A: 0.434 (43) A|AA: 0.394 (39) ",""
"  GWD;1000GENOMES:phase_3:GWD","","  AA: 0.381 (86)   A: 0.619 (140) ","AA|AA: 0.177 (20) A|A: 0.416 (47) A|AA: 0.407 (46) ",""
"  LWK;1000GENOMES:phase_3:LWK","","  AA: 0.343 (68)   A: 0.657 (130) ","AA|AA: 0.131 (13) A|A: 0.444 (44) A|AA: 0.424 (42) ",""
"  MSL;1000GENOMES:phase_3:MSL","","  AA: 0.353 (60)   A: 0.647 (110) ","AA|AA: 0.118 (10) A|A: 0.412 (35) A|AA: 0.471 (40) ",""
"  YRI;1000GENOMES:phase_3:YRI","","  AA: 0.343 (74)   A: 0.657 (142) ","AA|AA: 0.111 (12) A|A: 0.426 (46) A|AA: 0.463 (50) ",""
"AMR;1000GENOMES:phase_3:AMR","","  AA: 0.646 (448)   A: 0.354 (246) ","AA|AA: 0.429 (149) A|A: 0.138 (48) A|AA: 0.432 (150) ",""
"  CLM;1000GENOMES:phase_3:CLM","","  AA: 0.755 (142)   A: 0.245 (46) ","AA|AA: 0.564 (53) A|A: 0.053 (5) A|AA: 0.383 (36) ",""
"  MXL;1000GENOMES:phase_3:MXL","","  AA: 0.656 (84)   A: 0.344 (44) ","AA|AA: 0.469 (30) A|A: 0.156 (10) A|AA: 0.375 (24) ",""
"  PEL;1000GENOMES:phase_3:PEL","","  AA: 0.488 (83)   A: 0.512 (87) ","AA|AA: 0.200 (17) A|A: 0.224 (19) A|AA: 0.576 (49) ",""
"  PUR;1000GENOMES:phase_3:PUR","","  AA: 0.668 (139)   A: 0.332 (69) ","AA|AA: 0.471 (49) A|A: 0.135 (14) A|AA: 0.394 (41) ",""
"EAS;1000GENOMES:phase_3:EAS","","  AA: 0.761 (767)   A: 0.239 (241) ","AA|AA: 0.593 (299) A|A: 0.071 (36) A|AA: 0.335 (169) ",""
"  CDX;1000GENOMES:phase_3:CDX","","  AA: 0.731 (136)   A: 0.269 (50) ","AA|AA: 0.548 (51) A|A: 0.086 (8) A|AA: 0.366 (34) ",""
"  CHB;1000GENOMES:phase_3:CHB","","  AA: 0.796 (164)   A: 0.204 (42) ","AA|AA: 0.660 (68) A|A: 0.068 (7) A|AA: 0.272 (28) ",""
"  CHS;1000GENOMES:phase_3:CHS","","  AA: 0.762 (160)   A: 0.238 (50) ","AA|AA: 0.590 (62) A|A: 0.067 (7) A|AA: 0.343 (36) ",""
"  JPT;1000GENOMES:phase_3:JPT","","  AA: 0.726 (151)   A: 0.274 (57) ","AA|AA: 0.529 (55) A|A: 0.077 (8) A|AA: 0.394 (41) ",""
"  KHV;1000GENOMES:phase_3:KHV","","  AA: 0.788 (156)   A: 0.212 (42) ","AA|AA: 0.636 (63) A|A: 0.061 (6) A|AA: 0.303 (30) ",""
"EUR;1000GENOMES:phase_3:EUR","","  AA: 0.821 (826)   A: 0.179 (180) ","AA|AA: 0.666 (335) A|A: 0.024 (12) A|AA: 0.310 (156) ",""
"  CEU;1000GENOMES:phase_3:CEU","","  AA: 0.788 (156)   A: 0.212 (42) ","AA|AA: 0.606 (60) A|A: 0.030 (3) A|AA: 0.364 (36) ",""
"  FIN;1000GENOMES:phase_3:FIN","","  AA: 0.818 (162)   A: 0.182 (36) ","AA|AA: 0.667 (66) A|A: 0.030 (3) A|AA: 0.303 (30) ",""
"  GBR;1000GENOMES:phase_3:GBR","","  AA: 0.791 (144)   A: 0.209 (38) ","AA|AA: 0.593 (54) A|A: 0.011 (1) A|AA: 0.396 (36) ",""
"  IBS;1000GENOMES:phase_3:IBS","","  AA: 0.855 (183)   A: 0.145 (31) ","AA|AA: 0.738 (79) A|A: 0.028 (3) A|AA: 0.234 (25) ",""
"  TSI;1000GENOMES:phase_3:TSI","","  AA: 0.846 (181)   A: 0.154 (33) ","AA|AA: 0.710 (76) A|A: 0.019 (2) A|AA: 0.271 (29) ",""
"SAS;1000GENOMES:phase_3:SAS","","  AA: 0.757 (740)   A: 0.243 (238) ","AA|AA: 0.577 (282) A|A: 0.063 (31) A|AA: 0.360 (176) ",""
"  BEB;1000GENOMES:phase_3:BEB","","  AA: 0.756 (130)   A: 0.244 (42) ","AA|AA: 0.570 (49) A|A: 0.058 (5) A|AA: 0.372 (32) ",""
"  GIH;1000GENOMES:phase_3:GIH","","  AA: 0.777 (160)   A: 0.223 (46) ","AA|AA: 0.612 (63) A|A: 0.058 (6) A|AA: 0.330 (34) ",""
"  ITU;1000GENOMES:phase_3:ITU","","  AA: 0.770 (157)   A: 0.230 (47) ","AA|AA: 0.608 (62) A|A: 0.069 (7) A|AA: 0.324 (33) ",""
"  PJL;1000GENOMES:phase_3:PJL","","  AA: 0.745 (143)   A: 0.255 (49) ","AA|AA: 0.573 (55) A|A: 0.083 (8) A|AA: 0.344 (33) ",""
"  STU;1000GENOMES:phase_3:STU","","  AA: 0.735 (150)   A: 0.265 (54) ","AA|AA: 0.520 (53) A|A: 0.049 (5) A|AA: 0.431 (44) ",""
