"Population","","Allele: frequency (count)"
"  ALFA:SAMN10492695","","  AA: 0.812 (11491)   A: 0.188 (2661) "
"  ALFA:SAMN10492696","","  AA: 0.421 (48)   A: 0.579 (66) "
"  ALFA:SAMN10492697","","  AA: 0.733 (63)   A: 0.267 (23) "
"  ALFA:SAMN10492698","","  AA: 0.494 (1375)   A: 0.506 (1409) "
"  ALFA:SAMN10492699","","  AA: 0.815 (119)   A: 0.185 (27) "
"  ALFA:SAMN10492700","","  AA: 0.670 (409)   A: 0.330 (201) "
"  ALFA:SAMN10492701","","  AA: 0.808 (21)   A: 0.192 (5) "
"  ALFA:SAMN10492702","","  AA: 0.673 (66)   A: 0.327 (32) "
"  ALFA:SAMN10492703","","  AA: 0.491 (1423)   A: 0.509 (1475) "
"  ALFA:SAMN10492704","","  AA: 0.750 (84)   A: 0.250 (28) "
"  ALFA:SAMN10492705","","  AA: 0.752 (13925)   A: 0.248 (4595) "
"  ALFA:SAMN11605645","","  AA: 0.661 (333)   A: 0.339 (171) "
